page_id,is_slow
257092,0
1021863,1
951183,0
1017681,0
1058029,0
366913,0
589812,1
513675,1
715579,1
253283,0
39479,0
1018120,0
732453,1
623744,0
543161,0
44129,0
484601,1
942648,1
1082649,0
79432,0
88465,0
727965,0
1157348,1
193004,0
720754,0
840748,1
874067,0
930508,0
78450,0
1143848,0
617265,0
149715,0
10054,0
795311,0
716693,0
405175,0
981293,1
10096,0
117631,1
968267,0
150666,0
643550,1
1026359,0
298647,0
656188,0
84280,0
150661,0
1259708,0
1221752,1
1202724,0
795155,0
829178,0
649830,1
957513,0
79355,0
513558,1
746561,0
447427,0
1072515,0
1045234,0
314455,0
854203,0
1027700,0
42910,0
1111276,0
2949,1
344202,0
759169,0
945595,0
267660,0
811933,0
472104,0
757553,1
1123655,0
28786,0
21238,0
813101,0
719614,0
458489,1
49563,1
823926,0
267680,0
1144661,1
1132039,0
663348,0
460638,1
45851,0
1098713,0
941225,0
149471,0
758814,0
612952,0
763931,0
750302,0
157052,0
931184,0
10086,1
1052428,1
646747,0
316155,0
344866,0
767940,0
10045,1
380442,0
368766,0
299264,0
1045643,0
209549,0
816164,0
592212,0
233699,0
21581,0
1048967,0
442754,0
296239,0
17333,0
360391,1
1144654,0
1122721,1
524101,0
259827,1
455501,0
1234599,0
10027,1
1103957,0
454626,0
118462,0
7554,0
910720,1
523227,0
7825,0
192023,0
204172,0
772376,0
912427,1
814984,0
155532,0
692614,0
171466,0
1186962,0
454387,0
230822,0
1161434,0
844058,0
1228265,1
843871,0
890646,0
335438,0
586326,0
5132,1
835321,0
475909,0
838415,0
843929,0
568599,0
57465,0
906523,0
1015722,0
112355,0
914727,1
1225862,1
368034,0
671119,0
760267,0
119109,0
230393,0
1007872,1
999124,0
1239197,0
1083060,0
128266,1
1164974,0
830266,0
1108345,0
173312,0
917425,0
737490,0
29802,0
29116,0
773955,0
1153778,1
881461,1
807161,0
944209,0
946969,0
930937,0
111707,0
385834,0
457756,0
911382,1
840640,1
9933,0
1063370,0
475288,0
914060,0
675340,0
331427,0
803070,0
949882,0
911046,1
3316,0
1099654,0
459914,0
758203,0
763270,0
430104,0
820913,0
11228,0
1243978,0
678064,0
743801,1
638006,1
504480,0
566757,0
1021591,0
1110075,0
115086,0
1144929,0
738205,0
1045221,0
509190,0
1201021,0
552534,0
979996,0
293572,0
377063,1
748597,1
389094,0
1155006,1
294813,0
845352,1
1194563,0
1202877,0
9975,0
635281,0
497877,0
773750,0
380810,0
900109,0
85420,0
786052,0
30082,0
329034,0
425703,1
1155022,1
5148,1
1248564,0
628009,0
650751,1
1014201,0
982630,0
719428,1
761148,1
717699,0
602873,1
670537,0
834328,0
921449,0
1083271,0
733960,1
786034,0
649187,0
827028,0
929155,0
903698,0
689507,0
1004600,1
176103,0
913497,1
922021,0
475842,0
318730,1
547472,0
1213131,1
747521,0
727982,0
1065952,0
1172005,0
911062,1
274076,0
9914,0
793612,0
912440,1
594255,0
1183841,1
125861,0
913145,1
9954,1
857588,0
1181768,1
315039,0
902315,0
411834,0
716370,0
678668,0
95817,0
849462,0
922164,1
968535,1
1018341,0
316603,0
915280,0
366158,1
752016,0
734803,0
518002,0
760179,0
908,0
159952,0
353080,0
94194,0
526949,0
955210,1
1055277,0
154457,0
602808,1
522892,0
902140,0
879238,0
1080789,0
5568,0
399330,0
1027963,0
174167,0
914724,1
1106606,0
476667,0
1105754,1
597854,0
1108253,1
52781,0
84534,0
1265960,0
360314,1
539887,0
260725,0
388633,0
69906,0
777541,0
275398,0
295418,0
148985,0
7172,1
383139,0
1044614,1
367775,0
221270,0
1147695,0
914841,0
1155234,1
466570,0
362052,0
862049,0
457707,1
775370,0
1178946,0
75227,0
228473,0
1255721,0
623236,0
433964,0
137767,0
273587,0
128240,0
1044613,1
961917,0
779365,0
593415,0
602877,1
476726,0
127526,0
1083407,0
1181809,0
1087646,0
755395,1
331511,1
1086471,0
12308,0
590372,0
151874,0
478305,0
5075,0
1121033,0
778671,0
18802,0
2138,0
296112,0
307972,1
1031668,0
239349,0
328982,1
783547,0
265681,0
608261,0
1161559,1
845972,0
82753,0
1060484,0
540014,0
1251980,0
1239387,1
588501,0
85536,1
1175148,0
1076498,0
252849,1
273137,0
756678,1
799125,0
981457,0
993750,1
219593,0
95893,0
647022,0
953732,0
843240,0
156904,0
423464,0
60228,0
138012,0
656902,1
762633,0
26049,0
939810,0
1113378,0
434057,0
1214606,0
713097,0
353011,1
474782,0
913659,1
797436,0
1234712,0
152145,0
830015,0
699519,1
14190,0
55315,0
30341,0
747880,0
8393,0
454609,0
75844,0
460535,0
788312,0
48883,0
1209910,0
1066894,0
44113,0
200717,0
928267,0
617840,0
85258,0
817478,0
594770,1
1053385,1
1147242,0
863540,0
1225847,1
941439,0
90324,1
148772,0
340103,1
983594,0
295553,0
666002,0
150364,0
971500,0
114078,0
643967,1
1118151,0
130040,0
1188203,0
143616,0
1038644,1
379136,0
884746,0
1181022,0
1153879,0
10193,1
851259,0
708322,0
980763,0
517975,0
309194,0
413942,0
77537,0
1228891,0
242020,0
1194169,0
912108,1
1031167,0
261280,1
210822,0
3447,0
805835,0
695362,1
687289,0
45784,0
417121,0
687934,1
267278,1
1216660,1
249308,0
794124,0
321053,0
588174,0
912430,1
1257590,0
586702,0
1156647,0
1016899,0
1123260,0
1070577,0
69551,0
275640,0
9847,0
408351,0
1148255,1
214062,0
505166,0
5159,0
654712,0
268499,0
965798,0
419209,0
772580,0
455551,0
267205,1
1153775,1
518,0
609614,1
1020285,0
9886,1
119084,0
1148757,0
171755,0
171368,0
525136,0
914647,0
733957,0
1126552,0
7828,1
720447,0
219049,0
661397,0
768733,0
338576,1
277226,0
69806,0
100969,0
1239700,1
834459,0
740212,0
233051,1
835508,0
316214,0
1227103,0
1150430,0
645202,0
754791,1
908521,0
405317,0
1251002,0
672623,0
913492,1
9625,0
1208945,0
758493,0
1193145,0
1067777,0
886831,0
722151,1
542695,0
478477,0
1154680,1
848952,1
12858,0
913669,1
135697,1
220965,0
874371,0
1151100,0
760883,0
1200616,0
75408,1
725170,0
933565,1
334939,0
1162195,0
1111437,0
301094,1
210922,0
471823,0
1178241,0
290531,0
1153777,1
47005,0
1191371,0
32918,0
205961,0
120633,0
519754,0
1101170,0
747881,0
813612,0
259475,0
1101327,1
913134,1
821714,1
170866,0
753126,0
1155745,1
1152575,0
1055320,1
537389,0
1157145,1
1165147,1
859158,0
1116316,0
281949,0
583753,0
370391,0
1118826,0
296055,0
547623,0
1068973,0
267313,1
706831,0
1099472,1
901567,0
1081943,0
916762,1
921425,0
296519,0
735746,0
88306,0
305797,0
836690,0
302252,0
264941,0
788197,0
644452,0
1091951,0
372069,0
1097540,0
857743,1
9728,1
903362,0
348976,0
30003,0
70933,0
763114,0
822437,0
754067,0
417616,0
1150969,1
1006717,0
761190,0
984511,0
183878,0
915192,1
648087,1
145306,0
457226,0
866525,0
1133588,0
291024,0
407761,0
693834,1
990699,0
149592,0
360066,0
1101269,0
249007,0
1186125,0
9791,1
721051,0
314858,0
288480,1
752047,0
1009438,0
1006890,1
162264,0
1015167,0
157258,0
18266,0
254767,0
726217,0
292105,0
842677,0
1246058,0
741271,0
1155704,1
371808,0
961840,0
479917,0
998731,1
600850,0
1116529,0
10049,0
675533,0
1229541,1
801920,0
208803,0
152190,0
459559,0
831885,1
183587,0
535773,0
1006945,1
1152386,1
298490,0
884212,1
881444,1
200929,0
351516,0
1169919,0
433105,0
1040144,0
801079,1
659607,1
923888,1
337507,0
102317,0
1175525,0
579122,0
37077,0
941875,0
156429,0
44758,0
69421,1
340596,0
9918,0
732276,0
1083288,0
139139,0
801130,0
88957,0
935649,0
835972,0
409646,0
1216772,0
294487,0
996427,0
1229186,0
200155,0
923599,1
15739,0
1169900,0
1081923,0
40474,0
673323,0
257927,0
767091,0
753192,0
900025,1
484125,0
1072792,0
447893,0
184625,0
9891,1
5151,1
936762,0
736602,0
864172,0
263012,0
113092,1
242010,0
357652,0
593134,0
268850,0
73718,0
180933,0
9901,0
79704,0
1124700,0
560347,0
915645,0
1259116,0
597561,0
47602,0
61450,0
68945,0
706973,0
638738,1
1207355,0
719059,0
1185198,0
560051,0
856100,0
81975,1
1196787,0
356870,1
1029000,0
969195,0
1002755,1
904066,0
401871,0
476049,1
426062,0
145965,0
1185081,0
28089,0
16133,0
113628,0
63443,0
804121,0
36093,0
1177405,0
952200,0
245008,0
855858,0
843985,0
844630,0
9917,0
670550,0
137588,0
1087272,0
515,0
915428,0
995497,1
993338,0
673124,0
905082,0
278120,0
1221633,0
18437,0
392830,0
154106,0
744462,0
212290,0
93168,0
483650,0
176672,1
976299,0
1216854,0
327868,1
525435,0
699577,0
499585,0
172937,0
73864,0
867735,0
323615,0
709262,0
32823,0
68222,0
728297,0
7459,0
315948,1
1104385,0
552731,0
1154269,0
590728,1
1173097,0
902339,0
342263,0
767088,0
808811,0
10052,0
157782,1
794189,0
148874,0
840175,0
389851,0
748935,0
1227998,1
1185356,0
1015920,0
1047146,0
442336,0
145599,0
345936,0
431489,0
55037,0
854730,0
201913,0
850471,0
441405,0
945060,0
358877,0
505987,0
897448,0
846379,0
710799,0
729158,1
578234,0
1257377,0
266704,0
773187,0
982050,0
437404,1
883949,0
879870,0
606040,0
152751,0
1147188,0
985762,0
12983,0
118494,0
396494,0
1043020,0
831799,0
1036514,1
187147,0
1075861,0
1004945,1
355818,0
842319,1
617019,0
705701,0
1145970,1
829664,0
1161556,1
849112,0
62809,1
411624,0
873514,0
809568,0
828472,1
1079163,0
784034,0
1254017,0
807102,0
567180,0
855013,0
41666,0
933702,0
739861,0
900550,0
1155024,1
1154991,1
1087175,0
48885,0
42255,0
46214,0
326065,0
1169625,1
763659,0
352698,1
1136344,0
828358,0
9943,0
80455,0
735880,0
723964,0
914503,0
1240480,0
312208,0
404323,0
875396,0
2132,1
1190869,0
812151,1
220037,0
83066,1
391247,0
922796,0
474867,1
890001,0
177818,0
110526,0
880576,0
1112410,0
238897,0
701327,1
839231,0
1006307,0
429733,0
961978,0
937090,0
1155700,1
326373,0
1181730,0
7553,1
1180602,0
841628,0
258884,0
664910,1
183451,0
978061,0
808073,0
683407,0
219863,0
1157147,1
475890,0
455185,0
791423,0
838722,0
8764,1
920816,0
1086665,0
67347,0
21382,0
47378,0
43694,0
344983,0
820556,0
82102,0
